{
    "train_loss": [
        0.5128124939714159,
        0.4200331002984728,
        0.3474641692297799,
        0.2760790753151689,
        0.20311435192716973,
        0.13707812119488205
    ],
    "train_acc": [
        0.7545714285714286,
        0.7997857142857143,
        0.8425,
        0.881,
        0.9228571428571428,
        0.9512142857142857
    ],
    "val_loss": [
        0.4883490832646688,
        0.4417743040720622,
        0.5690606753826142,
        0.59592240802447,
        0.7811749733289083,
        0.9165326759020488
    ],
    "val_acc": [
        0.7653333333333333,
        0.7586666666666667,
        0.7866666666666666,
        0.7863333333333333,
        0.7846666666666666,
        0.788
    ]
}