{
    "train_loss": [
        0.6778220465523856,
        0.6538124071529934,
        0.6272739881106786,
        0.5889685294628143,
        0.5261668870108468,
        0.4852733441420964,
        0.4579986049788339,
        0.44312393750463214,
        0.42065982604026797,
        0.40603476793425425,
        0.3733087783540998,
        0.3421761132819312,
        0.31374937845979417,
        0.3034064871413367,
        0.29972659535918916
    ],
    "train_acc": [
        0.5741428571428572,
        0.6225714285714286,
        0.6557857142857143,
        0.6922857142857143,
        0.7445,
        0.7672857142857142,
        0.7762857142857142,
        0.7863571428571429,
        0.8002857142857143,
        0.8114285714285714,
        0.8357857142857142,
        0.8612857142857143,
        0.8732857142857143,
        0.8816428571428572,
        0.8816428571428572
    ],
    "val_loss": [
        0.6624079373677572,
        0.63133074426651,
        0.6096214884122213,
        0.5384609494209289,
        0.4951505884329478,
        0.4441936159133911,
        0.42968608196576435,
        0.4333919627666473,
        0.3975190582275391,
        0.37208225576082865,
        0.3268226856390635,
        0.2881676703294118,
        0.27027473457654316,
        0.25463958088556926,
        0.3602124707698822
    ],
    "val_acc": [
        0.5973333333333334,
        0.6466666666666666,
        0.677,
        0.746,
        0.7473333333333333,
        0.7826666666666666,
        0.789,
        0.7843333333333333,
        0.8123333333333334,
        0.825,
        0.864,
        0.89,
        0.8916666666666667,
        0.8983333333333333,
        0.882
    ]
}