{
    "train_loss": [
        0.6630646411350796,
        0.6302830420902797,
        0.5676524176597595,
        0.5111565068108694,
        0.47583680248260496,
        0.432132828099387,
        0.3777201225076403,
        0.34351912346908026,
        0.3054155157293592,
        0.2792724348306656,
        0.26180176850727627,
        0.24270475092104504,
        0.22757019866364342,
        0.21222489753791265,
        0.20340516100185257,
        0.19232084726435797,
        0.18323476638112748,
        0.1762690650693008,
        0.1733958379157952,
        0.16414612035240445
    ],
    "train_acc": [
        0.6040714285714286,
        0.6567857142857143,
        0.7147857142857142,
        0.7533571428571428,
        0.7665714285714286,
        0.7947142857142857,
        0.8296428571428571,
        0.8455714285714285,
        0.8668571428571429,
        0.8850714285714286,
        0.8875,
        0.8981428571428571,
        0.9027857142857143,
        0.9092857142857143,
        0.9129285714285714,
        0.9188571428571428,
        0.9222142857142858,
        0.9267142857142857,
        0.9261428571428572,
        0.9301428571428572
    ],
    "val_loss": [
        0.6452878212928772,
        0.5997121822039286,
        0.5169350158373515,
        0.47328284207979837,
        0.4452418460845947,
        0.38060395455360413,
        0.35189267905553184,
        0.359432914574941,
        0.3075160537560781,
        0.26384547098477684,
        0.23993082467714946,
        0.22750889531771343,
        0.22164348884423574,
        0.2085168073574702,
        0.2182403234243393,
        0.19522839597860972,
        0.19808284735679627,
        0.20614354876677196,
        0.18850178986787797,
        0.18129305410385133
    ],
    "val_acc": [
        0.627,
        0.683,
        0.7626666666666667,
        0.7766666666666666,
        0.7833333333333333,
        0.8263333333333334,
        0.8313333333333334,
        0.8303333333333334,
        0.8673333333333333,
        0.8916666666666667,
        0.8986666666666666,
        0.8993333333333333,
        0.903,
        0.909,
        0.906,
        0.9143333333333333,
        0.9153333333333333,
        0.9183333333333333,
        0.9183333333333333,
        0.92
    ]
}