{
    "train_loss": [
        0.6485937929153442,
        0.4757154703140259,
        0.3060497981309891,
        0.2459702605009079,
        0.20936870634555815,
        0.21688565909862517,
        0.1769200783967972,
        0.18233803004026414,
        0.1815503430366516,
        0.16660241797566414,
        0.18073468089103698,
        0.17226548463106156,
        0.16430991381406784,
        0.17229839980602266
    ],
    "train_acc": [
        0.57,
        0.7025,
        0.85125,
        0.92625,
        0.95125,
        0.9375,
        0.9575,
        0.9475,
        0.95125,
        0.95125,
        0.9475,
        0.94375,
        0.94625,
        0.94
    ],
    "val_loss": [
        0.5743940639495849,
        0.34444162487983704,
        0.307419855594635,
        0.3067543822526932,
        0.31159848630428316,
        0.31066806554794313,
        0.3178056037425995,
        0.3222374451160431,
        0.33066012620925905,
        0.33826385349035265,
        0.31097624033689497,
        0.36171350598335267,
        0.3328628206253052,
        0.33883187383413316
    ],
    "val_acc": [
        0.62,
        0.86,
        0.86,
        0.875,
        0.87,
        0.875,
        0.87,
        0.875,
        0.87,
        0.86,
        0.87,
        0.87,
        0.875,
        0.865
    ]
}